Company,Symbol,Country,Exchange,Sector,Market Cap
1&1 DrillischAktiengesellschaft,1U1,ğŸ‡©ğŸ‡ª,Frankfurt Stock Exchange,Telecomms,â‚¬2.8bn
3i Group plc,III,ğŸ‡¬ğŸ‡§,London Stock Exchange,Financial Services,Â£19.5bn
A2A Spa,A2A,ğŸ‡®ğŸ‡¹,Italian Stock Exchange,Electricity,â‚¬5.3bn
AAK AB,AAK,ğŸ‡¸ğŸ‡ª,Stockholm Stock Exchange,Food Producers,kr52.7bn
Aalberts NV,AALB,ğŸ‡³ğŸ‡±,Euronext Amsterdam,Industrial Engineering,â‚¬3.3bn
Aareal Beteiligungen AG,ARL,ğŸ‡©ğŸ‡ª,Frankfurt Stock Exchange,Banks,â‚¬2.0bn
ABB Ltd.,ABBN,ğŸ‡¨ğŸ‡­,SIX Swiss Exchange,Electronic & Electrical Equipment,Fr.55.6bn
ABN AMRO Bank N.V. - NLDR,ABN,ğŸ‡³ğŸ‡±,Euronext Amsterdam,Banks,â‚¬5.9bn
Abrdn Plc,ABDN,ğŸ‡¬ğŸ‡§,London Stock Exchange,Life Insurance,Â£2.8bn
Accor,AC,ğŸ‡«ğŸ‡·,Euronext Paris,Travel & Leisure,â‚¬7.8bn
Ackermans & Van Haaren,ACKB,ğŸ‡§ğŸ‡ª,Euronext Brussels,General Industrials,â‚¬4.7bn
"ACS, Actividades de Construccion Y Servicios, S.A.",ACS,ğŸ‡ªğŸ‡¸,Madrid Stock Exchange,Construction & Materials,â‚¬9.0bn
Adecco Group AG,ADEN,ğŸ‡¨ğŸ‡­,SIX Swiss Exchange,Support Services,Fr.5.7bn
Adidas AG,ADS,ğŸ‡©ğŸ‡ª,Frankfurt Stock Exchange,Personal Goods,â‚¬30.6bn
Admiral Group,ADM,ğŸ‡¬ğŸ‡§,London Stock Exchange,Nonlife Insurance,Â£7.5bn
Adyen NV,ADYEN,ğŸ‡³ğŸ‡±,Euronext Amsterdam,Support Services,â‚¬21.1bn
Aegon N. V.,AGN,ğŸ‡³ğŸ‡±,Euronext Amsterdam,Life Insurance,â‚¬9.0bn
Aena S.M.E. S.A.,AENA,ğŸ‡ªğŸ‡¸,Madrid Stock Exchange,Travel & Leisure,â‚¬20.6bn
Aeroports de Paris SA,ADP,ğŸ‡«ğŸ‡·,Euronext Paris,Travel & Leisure,â‚¬10.0bn
Ageas SA/NV,AGS,ğŸ‡§ğŸ‡ª,Euronext Brussels,Life Insurance,â‚¬7.2bn
AIB Group Plc,AIBG,ğŸ‡®ğŸ‡ª,Irish Stock Exchange,Banks,â‚¬11.0bn
Airbus SE,AIR,ğŸ‡«ğŸ‡·,Euronext Paris,Aerospace & Defence,â‚¬95.8bn
Air France-KLM,AF,ğŸ‡«ğŸ‡·,Euronext Paris,Travel & Leisure,â‚¬29.3bn
Air Liquide S.A,AI,ğŸ‡«ğŸ‡·,Euronext Paris,Chemicals,â‚¬79.9bn
Aker BP ASA,AKRBP,ğŸ‡³ğŸ‡´,Oslo Stock Exchange,Oil & Gas Producers,kr199.8bn
Akzo Nobel N.V.,AKZA,ğŸ‡³ğŸ‡±,Euronext Amsterdam,Chemicals,â‚¬10.9bn
Alcon Inc.,ALC,ğŸ‡¨ğŸ‡­,SIX Swiss Exchange,Pharmaceuticals & Biotechnology,Fr.32.3bn
Alfa Laval AB,ALFA,ğŸ‡¸ğŸ‡ª,Stockholm Stock Exchange,General Industrials,kr144.9bn
Allianz SE,ALV,ğŸ‡©ğŸ‡ª,Frankfurt Stock Exchange,Life Insurance,â‚¬87.9bn
Alstom,ALO,ğŸ‡«ğŸ‡·,Euronext Paris,Industrial Engineering,â‚¬4.7bn
Alten,ATE,ğŸ‡«ğŸ‡·,Euronext Paris,Engineering,â‚¬3.8bn
Amadeus IT Group S.A.,AMS,ğŸ‡ªğŸ‡¸,Madrid Stock Exchange,Software & Computer Services,â‚¬24.3bn
Ambu AS - Class B Shares,AMBU B,ğŸ‡©ğŸ‡°,Copenhagen Stock Exchange,Health Care Equipment & Services,kr.16.1bn
ams-OSRAM AG,AMS,ğŸ‡¨ğŸ‡­,SIX Swiss Exchange,Technology Hardware & Equipment,Fr.994mn
Amundi,AMUN,ğŸ‡«ğŸ‡·,Euronext Paris,Financial Services,â‚¬10.3bn
Andritz AG,ANDR,ğŸ‡¦ğŸ‡¹,Vienna Stock Exchange,General Industrials,â‚¬4.5bn
Anglo American plc,AAL,ğŸ‡¬ğŸ‡§,London Stock Exchange,Mining,Â£27.6bn
Anheuser-Busch In Bev SA/NV,ABI,ğŸ‡§ğŸ‡ª,Euronext Brussels,Beverages,â‚¬86.6bn
Antofagasta plc,ANTO,ğŸ‡¬ğŸ‡§,London Stock Exchange,Mining,Â£13.1bn
A.P. Moller - Maersk AS - Class B Shares,MAERSK B,ğŸ‡©ğŸ‡°,Copenhagen Stock Exchange,Industrial Transportation,kr.85.3bn
ArcelorMittal,MT,ğŸ‡³ğŸ‡±,Euronext Amsterdam,Industrial Metals,â‚¬17.5bn
Argen X SE,ARGX,ğŸ‡§ğŸ‡ª,Euronext Brussels,Pharmaceuticals & Biotechnology,â‚¬26.8bn
Arkema,AKE,ğŸ‡«ğŸ‡·,Euronext Paris,Chemicals,â‚¬6.2bn
Aroundtown S.A,AT1,ğŸ‡©ğŸ‡ª,Xetra,Property,â‚¬3.0bn
Ashtead Group plc,AHT,ğŸ‡¬ğŸ‡§,London Stock Exchange,Support Services,Â£20.6bn
ASM International NV,ASM,ğŸ‡³ğŸ‡±,Euronext Amsterdam,Technology Hardware & Equipment,â‚¬17.8bn
ASML Holding NV,ASML,ğŸ‡³ğŸ‡±,Euronext Amsterdam,Electronic & Electrical Equipment,â‚¬220.6bn
ASR Nederland NV,ASRNL,ğŸ‡³ğŸ‡±,Euronext Amsterdam,Nonlife Insurance,â‚¬7.4bn
Assa Abloy AB - Class B Shares,ASSA B,ğŸ‡¸ğŸ‡ª,Stockholm Stock Exchange,Construction & Materials,kr240.3bn
Assicurazioni Generali SPA,G,ğŸ‡®ğŸ‡¹,Italian Stock Exchange,Life Insurance,â‚¬28.3bn
Associated British Foods plc,ABF,ğŸ‡¬ğŸ‡§,London Stock Exchange,Food Producers,Â£14.8bn
Astrazeneca plc,AZN,ğŸ‡¬ğŸ‡§,London Stock Exchange,Pharmaceuticals & Biotechnology,Â£161.7bn
Atlantia,ATL,ğŸ‡®ğŸ‡¹,Italian Stock Exchange,Industrial Transportation,â‚¬19.0bn
Atlas Copco AB - Class A Shares,ATCO A,ğŸ‡¸ğŸ‡ª,Stockholm Stock Exchange,Industrial Engineering,kr467.4bn
Atos SE,ATO,ğŸ‡«ğŸ‡·,Euronext Paris,Software & Computer Services,â‚¬521mn
Aurubis AG,NDA,ğŸ‡©ğŸ‡ª,Frankfurt Stock Exchange,Industrial Metals,â‚¬3.3bn
Auto Trader Group Plc,AUTO,ğŸ‡¬ğŸ‡§,London Stock Exchange,Retailers,Â£5.5bn
Aveva Group,AVV,ğŸ‡¬ğŸ‡§,London Stock Exchange,Software & Computer Services,Â£9.7bn
Aviva Plc,AV.,ğŸ‡¬ğŸ‡§,London Stock Exchange,Life Insurance,Â£10.9bn
Axa,CS,ğŸ‡«ğŸ‡·,Euronext Paris,Life Insurance,â‚¬61.2bn
BAE Systems plc,BA.,ğŸ‡¬ğŸ‡§,London Stock Exchange,Aerospace & Defence,Â£32.3bn
Balfour Beatty plc,BBY,ğŸ‡¬ğŸ‡§,London Stock Exchange,Construction & Materials,Â£1.7bn
Baloise Holding AG,BALN,ğŸ‡¨ğŸ‡­,SIX Swiss Exchange,Nonlife Insurance,Fr.5.8bn
Banco Bilbao Vizcaya Argentaria.,BBVA,ğŸ‡ªğŸ‡¸,Madrid Stock Exchange,Banks,â‚¬45.0bn
Banco BPM S.p.A,BAMI,ğŸ‡®ğŸ‡¹,Italian Stock Exchange,Financial Services,â‚¬7.1bn
"Banco Comercial Portugues, S.A.",BCP,ğŸ‡µğŸ‡¹,Euronext Lisbon,Banks,â‚¬4.2bn
"Banco de Sabadell, S.A.",SAB,ğŸ‡ªğŸ‡¸,Valencia Stock Exchange,Banks,â‚¬1.7bn
Banco Santander S.A.,SAN,ğŸ‡ªğŸ‡¸,Madrid Stock Exchange,Banks,â‚¬55.9bn
Bankinter SA,BKT,ğŸ‡ªğŸ‡¸,Madrid Stock Exchange,Banks,â‚¬5.7bn
Bank of Ireland Group Plc,BIRG,ğŸ‡®ğŸ‡ª,Irish Stock Exchange,Banks,â‚¬9.6bn
Bank Polska Kasa Opieki SA,PEO,ğŸ‡µğŸ‡±,Warsaw Stock Exchange,Banks,zÅ‚30.6bn
Barclays plc,BARC,ğŸ‡¬ğŸ‡§,London Stock Exchange,Banks,Â£21.9bn
Barratt Developments plc,BDEV,ğŸ‡¬ğŸ‡§,London Stock Exchange,Home Construction,Â£3.8bn
Barry Callebaut AG,BARN,ğŸ‡¨ğŸ‡­,SIX Swiss Exchange,Food Producers,Fr.7.5bn
Basf SE,BAS,ğŸ‡©ğŸ‡ª,Frankfurt Stock Exchange,Chemicals,â‚¬36.6bn
Bayer AG,BAYN,ğŸ‡©ğŸ‡ª,Frankfurt Stock Exchange,Pharmaceuticals & Biotechnology,â‚¬40.8bn
Bayerische Motoren Werke AG,BMW,ğŸ‡©ğŸ‡ª,Xetra,Automobiles & Parts,â‚¬56.3bn
BB Biotech AG,BION,ğŸ‡¨ğŸ‡­,SIX Swiss Exchange,Pharmaceuticals & Biotechnology,Fr.2.1bn
Beazley Plc.,BEZ,ğŸ‡¬ğŸ‡§,London Stock Exchange,Nonlife Insurance,Â£3.5bn
Bechtle AG,BC8,ğŸ‡©ğŸ‡ª,Frankfurt Stock Exchange,Software & Computer Services,â‚¬5.2bn
Beiersdorf AG,BEI,ğŸ‡©ğŸ‡ª,Frankfurt Stock Exchange,Personal Goods,â‚¬30.7bn
Bellway plc,BWY,ğŸ‡¬ğŸ‡§,London Stock Exchange,Home Construction,Â£2.4bn
Berkeley Group Holdings,BKG,ğŸ‡¬ğŸ‡§,London Stock Exchange,Home Construction,Â£4.2bn
Bic,BB,ğŸ‡«ğŸ‡·,Euronext Paris,General Industrials,â‚¬2.6bn
Biomerieux,BIM,ğŸ‡«ğŸ‡·,Euronext Paris,Pharmaceuticals & Biotechnology,â‚¬10.2bn
B&M European Value Retail S.A.,BME,ğŸ‡¬ğŸ‡§,London Stock Exchange,Retailers,Â£5.4bn
BNP Paribas,BNP,ğŸ‡«ğŸ‡·,Euronext Paris,Banks,â‚¬64.8bn
Boliden AB,BOL,ğŸ‡¸ğŸ‡ª,Stockholm Stock Exchange,General Industrials,kr73.6bn
Bollore SE,BOL,ğŸ‡«ğŸ‡·,Euronext Paris,Industrial Transportation,â‚¬14.8bn
Bouygues,EN,ğŸ‡«ğŸ‡·,Euronext Paris,General Industrials,â‚¬11.9bn
BP plc,BP.,ğŸ‡¬ğŸ‡§,London Stock Exchange,Oil & Gas Producers,Â£93.1bn
Brenntag SE,BNR,ğŸ‡©ğŸ‡ª,Frankfurt Stock Exchange,Chemicals,â‚¬10.4bn
British American Tobacco Plc,BATS,ğŸ‡¬ğŸ‡§,London Stock Exchange,Tobacco,Â£54.9bn
British Land Co plc,BLND,ğŸ‡¬ğŸ‡§,London Stock Exchange,Real Estate Investment Trusts,Â£2.8bn
Britvic,BVIC,ğŸ‡¬ğŸ‡§,London Stock Exchange,Beverages,Â£2.1bn
BT Group,BT.A,ğŸ‡¬ğŸ‡§,London Stock Exchange,Telecomms,Â£11.3bn
Bucher Industries AG,BUCN,ğŸ‡¨ğŸ‡­,SIX Swiss Exchange,Technology Hardware & Equipment,Fr.3.3bn
Bunzl plc,BNZL,ğŸ‡¬ğŸ‡§,London Stock Exchange,Support Services,Â£9.7bn
Burberry Group,BRBY,ğŸ‡¬ğŸ‡§,London Stock Exchange,Personal Goods,Â£6.3bn
Bureau Veritas,BVI,ğŸ‡«ğŸ‡·,Euronext Paris,Support Services,â‚¬10.2bn
"CaixaBank, S.A",CABK,ğŸ‡ªğŸ‡¸,Madrid Stock Exchange,Financial Services,â‚¬28.5bn
Capgemini,CAP,ğŸ‡«ğŸ‡·,Euronext Paris,Software & Computer Services,â‚¬28.3bn
Capita Plc,CPI,ğŸ‡¬ğŸ‡§,London Stock Exchange,Support Services,Â£282mn
Carlsberg - Class A Shares,CARL A,ğŸ‡©ğŸ‡°,Copenhagen Stock Exchange,Food Producers,kr.38.6bn
Carl Zeiss Meditec A G,AFX,ğŸ‡©ğŸ‡ª,Frankfurt Stock Exchange,Pharmaceuticals & Biotechnology,â‚¬6.8bn
Carnival plc,CCL,ğŸ‡¬ğŸ‡§,London Stock Exchange,Travel & Leisure,Â£1.2bn
Carrefour,CA,ğŸ‡«ğŸ‡·,Euronext Paris,Food and Drug Retailers,â‚¬11.2bn
Casino Guichard Perrachon,CO,ğŸ‡«ğŸ‡·,Euronext Paris,Travel & Leisure,â‚¬126mn
Castellum AB,CAST,ğŸ‡¸ğŸ‡ª,Stockholm Stock Exchange,Real Estate,kr50.8bn
CD Projekt S.A.,CDR,ğŸ‡µğŸ‡±,Warsaw Stock Exchange,Leisure Goods,zÅ‚10.5bn
Cellnex Telecom S.A.,CLNX,ğŸ‡ªğŸ‡¸,Madrid Stock Exchange,Telecomms,â‚¬19.2bn
Cembra Money Bank AG,CMBN,ğŸ‡¨ğŸ‡­,SIX Swiss Exchange,Banks,Fr.1.9bn
Centrica plc,CNA,ğŸ‡¬ğŸ‡§,London Stock Exchange,"Gas, Water & Multiutilities",Â£8.6bn
Chocoladefabriken Lindt & Sprungli AG.,LISN,ğŸ‡¨ğŸ‡­,SIX Swiss Exchange,Food Producers,Fr.13.1bn
Chr. Hansen Holding,CHR,ğŸ‡©ğŸ‡°,Copenhagen Stock Exchange,Health Care Equipment & Services,kr.56.7bn
Christian Dior SE,CDI,ğŸ‡«ğŸ‡·,Euronext Paris,Personal Goods,â‚¬114.2bn
Cineworld Group,CINE,ğŸ‡¬ğŸ‡§,London Stock Exchange,Travel & Leisure,Â£5mn
Clariant AG,CLN,ğŸ‡¨ğŸ‡­,SIX Swiss Exchange,Chemicals,Fr.4.1bn
Close Brothers Group plc,CBG,ğŸ‡¬ğŸ‡§,London Stock Exchange,Banks,Â£1.2bn
CNH Industrial NV,CNHI,ğŸ‡ºğŸ‡¸,New York Stock Exchange,General Industrials,$15.0bn
CNP Assurances,CNP,ğŸ‡«ğŸ‡·,Euronext Paris,Nonlife Insurance,â‚¬14.3bn
Coca Cola HBC AG,EEE,ğŸ‡¬ğŸ‡·,Athens Exchange,Beverages,â‚¬9.1bn
Cofinimmo,COFB,ğŸ‡§ğŸ‡ª,Euronext Brussels,Real Estate Investment & Services,â‚¬2.0bn
Coloplast AS - Class B Shares,COLO B,ğŸ‡©ğŸ‡°,Copenhagen Stock Exchange,Health Care Equipment & Services,kr.153.3bn
Colruyt N.V.,COLR,ğŸ‡§ğŸ‡ª,Euronext Brussels,Food and Drug Retailers,â‚¬5.3bn
Commerzbank AG,CBK,ğŸ‡©ğŸ‡ª,Frankfurt Stock Exchange,Banks,â‚¬12.5bn
Compagnie de Saint-Gobain S.A.,SGO,ğŸ‡«ğŸ‡·,Euronext Paris,Construction & Materials,â‚¬25.2bn
Compagnie financiere Richemont SA,CFR,ğŸ‡¨ğŸ‡­,SIX Swiss Exchange,Personal Goods,Fr.54.8bn
Compass Group Plc,CPG,ğŸ‡¬ğŸ‡§,London Stock Exchange,Travel & Leisure,Â£35.0bn
Continental AG,CON,ğŸ‡©ğŸ‡ª,Frankfurt Stock Exchange,Automobiles & Parts,â‚¬12.1bn
ConvaTec Group Plc,CTEC,ğŸ‡¬ğŸ‡§,London Stock Exchange,Pharmaceuticals & Biotechnology,Â£4.2bn
Covestro AG,1COV,ğŸ‡©ğŸ‡ª,Frankfurt Stock Exchange,Construction & Materials,â‚¬9.2bn
Covivio S.A,COV,ğŸ‡«ğŸ‡·,Euronext Paris,Real Estate Investment Trusts,â‚¬3.6bn
Credit Agricole S.A.,ACA,ğŸ‡«ğŸ‡·,Euronext Paris,Banks,â‚¬34.3bn
Credit Suisse Group AG,CSGN,ğŸ‡¨ğŸ‡­,SIX Swiss Exchange,Banks,Fr.3.3bn
CRH Plc,CRH,ğŸ‡ºğŸ‡¸,New York Stock Exchange,Construction & Materials,$39.1bn
Croda International plc,CRDA,ğŸ‡¬ğŸ‡§,London Stock Exchange,Chemicals,Â£5.7bn
Daily Mail & General Trust plc - Class A Shares,DMGT,ğŸ‡¬ğŸ‡§,London Stock Exchange,Media,Â£569mn
Danone,BN,ğŸ‡«ğŸ‡·,Euronext Paris,Food Producers,â‚¬36.7bn
Danske Bank AS,DANSKE,ğŸ‡©ğŸ‡°,Copenhagen Stock Exchange,Banks,kr.139.7bn
Dassault Aviation,AM,ğŸ‡«ğŸ‡·,Euronext Paris,Aerospace & Defence,â‚¬14.7bn
Dassault Systemes SA,DSY,ğŸ‡«ğŸ‡·,Euronext Paris,Software & Computer Services,â‚¬45.4bn
Davide Campari,CPR,ğŸ‡®ğŸ‡¹,Italian Stock Exchange,Beverages,â‚¬12.7bn
DCC Plc,DCC,ğŸ‡¬ğŸ‡§,London Stock Exchange,Support Services,Â£4.4bn
Dechra Pharmaceuticals plc,DPH,ğŸ‡¬ğŸ‡§,London Stock Exchange,Pharmaceuticals & Biotechnology,Â£4.3bn
Delivery Hero SE,DHER,ğŸ‡©ğŸ‡ª,Frankfurt Stock Exchange,Food and Drug Retailers,â‚¬6.7bn
Demant AS,DEMANT,ğŸ‡©ğŸ‡°,Copenhagen Stock Exchange,Health Care Equipment & Services,kr.59.0bn
Derwent London Plc,DLN,ğŸ‡¬ğŸ‡§,London Stock Exchange,Real Estate Investment Trusts,Â£2.1bn
Deutsche Bank AG,DBK,ğŸ‡©ğŸ‡ª,Frankfurt Stock Exchange,Banks,â‚¬19.5bn
Deutsche Boerse AG,DB1,ğŸ‡©ğŸ‡ª,Frankfurt Stock Exchange,Financial Services,â‚¬30.1bn
Deutsche Lufthansa AG,LHA,ğŸ‡©ğŸ‡ª,Frankfurt Stock Exchange,Aerospace & Defence,â‚¬7.9bn
Deutsche Post AG,DHL,ğŸ‡©ğŸ‡ª,Frankfurt Stock Exchange,Commercial Transportation,â‚¬46.5bn
Deutsche Telekom AG,DTE,ğŸ‡©ğŸ‡ª,Frankfurt Stock Exchange,Telecomms,â‚¬100.4bn
Deutsche Wohnen SE,DWNI,ğŸ‡©ğŸ‡ª,Frankfurt Stock Exchange,Property,â‚¬7.8bn
Diageo plc,DGE,ğŸ‡¬ğŸ‡§,London Stock Exchange,Beverages,Â£69.5bn
Diasorin S.p.A.,DIA,ğŸ‡®ğŸ‡¹,Italian Stock Exchange,Pharmaceuticals & Biotechnology,â‚¬1.9bn
Direct Line Insurance Group plc,DLG,ğŸ‡¬ğŸ‡§,London Stock Exchange,Nonlife Insurance,Â£2.1bn
DKSH Holding AG,DKSH,ğŸ‡¨ğŸ‡­,SIX Swiss Exchange,Support Services,Fr.3.7bn
Dometic Group AB (PUBL),DOM,ğŸ‡¸ğŸ‡ª,Stockholm Stock Exchange,Travel & Leisure,kr19.6bn
DSV AS - Class B Shares,DSV,ğŸ‡©ğŸ‡°,Copenhagen Stock Exchange,General Industrials,kr.244.3bn
Dufry AG,DUFN,ğŸ‡¨ğŸ‡­,SIX Swiss Exchange,Travel & Leisure,Fr.4.6bn
Easyjet plc,EZJ,ğŸ‡¬ğŸ‡§,London Stock Exchange,Travel & Leisure,Â£2.7bn
Edenred SE,EDEN,ğŸ‡«ğŸ‡·,Euronext Paris,Support Services,â‚¬12.9bn
EDP-Energias DE Portugal S.A.,EDP,ğŸ‡µğŸ‡¹,Euronext Lisbon,Electricity,â‚¬15.6bn
Eiffage,FGR,ğŸ‡«ğŸ‡·,Euronext Paris,Construction & Materials,â‚¬8.3bn
Electricite de France.,EDF,ğŸ‡«ğŸ‡·,Euronext Paris,Electricity,â‚¬50.0bn
Electrolux AB - Class B Shares,ELUX B,ğŸ‡¸ğŸ‡ª,Stockholm Stock Exchange,Household Goods,kr29.9bn
Elekta AB - Class B Shares,EKTA B,ğŸ‡¸ğŸ‡ª,Stockholm Stock Exchange,Health Care Equipment & Services,kr27.9bn
Elis.,ELIS,ğŸ‡«ğŸ‡·,Euronext Paris,Personal Goods,â‚¬3.7bn
Elisa Oyj - Class A Shares,ELISA,ğŸ‡«ğŸ‡®,Helsinki Stock Exchange,Software & Computer Services,â‚¬6.9bn
Ems-Chemie Holding AG,EMSN,ğŸ‡¨ğŸ‡­,SIX Swiss Exchange,Conglomerates,Fr.14.0bn
Enagas SA,ENG,ğŸ‡ªğŸ‡¸,Madrid Stock Exchange,Oil & Gas Producers,â‚¬4.1bn
Endesa S.A.,ELE,ğŸ‡ªğŸ‡¸,Madrid Stock Exchange,Electricity,â‚¬19.7bn
Enel Spa,ENEL,ğŸ‡®ğŸ‡¹,Italian Stock Exchange,Electricity,â‚¬57.4bn
Engie,ENGI,ğŸ‡«ğŸ‡·,Euronext Paris,Electricity,â‚¬35.8bn
Eni Spa,ENI,ğŸ‡®ğŸ‡¹,Italian Stock Exchange,Oil & Gas Producers,â‚¬55.5bn
Entain plc,ENT,ğŸ‡¬ğŸ‡§,London Stock Exchange,Travel & Leisure,Â£6.0bn
E. On SE,EOAN,ğŸ‡©ğŸ‡ª,Frankfurt Stock Exchange,Electricity,â‚¬28.8bn
Epiroc AB - Class A Shares,EPI A,ğŸ‡¸ğŸ‡ª,Stockholm Stock Exchange,Mining,kr163.9bn
Equinor ASA,EQNR,ğŸ‡³ğŸ‡´,Oslo Stock Exchange,Oil & Gas Producers,kr1127.7bn
Erste Group Bank AG,EBS,ğŸ‡¦ğŸ‡¹,Vienna Stock Exchange,Banks,â‚¬13.9bn
EssilorLuxottica,EL,ğŸ‡«ğŸ‡·,Euronext Paris,Health Care Equipment & Services,â‚¬74.0bn
Essity Aktiebolag (publ) - Class B Shares,ESSITY B,ğŸ‡¸ğŸ‡ª,Stockholm Stock Exchange,Health Care Equipment & Services,kr154.5bn
Eurazeo SE,RF,ğŸ‡«ğŸ‡·,Euronext Paris,Equity Investments,â‚¬4.1bn
Eurofins Scientific S.E.,ERF,ğŸ‡«ğŸ‡·,Euronext Paris,Pharmaceuticals & Biotechnology,â‚¬8.9bn
Euronext N.V.,ENX,ğŸ‡«ğŸ‡·,Euronext Paris,Financial Services,â‚¬7.1bn
Eutelsat Communications,ETL,ğŸ‡«ğŸ‡·,Euronext Paris,Telecomms,â‚¬2.1bn
Evonik Industries AG,EVK,ğŸ‡©ğŸ‡ª,Frankfurt Stock Exchange,Chemicals,â‚¬7.7bn
Evotec SE,EVT,ğŸ‡©ğŸ‡ª,Frankfurt Stock Exchange,Pharmaceuticals & Biotechnology,â‚¬3.0bn
Evraz Plc,EVR,ğŸ‡¬ğŸ‡§,London Stock Exchange,Industrial Metals,Â£1.2bn
Exor N.V.,EXO,ğŸ‡³ğŸ‡±,Euronext Amsterdam,Conglomerates,â‚¬19.4bn
Experian Plc,EXPN,ğŸ‡¬ğŸ‡§,London Stock Exchange,Support Services,Â£24.3bn
Fabege AB.,FABG,ğŸ‡¸ğŸ‡ª,Stockholm Stock Exchange,Property,kr26.0bn
Faurecia SE,EO,ğŸ‡«ğŸ‡·,Euronext Paris,Automobiles & Parts,â‚¬3.2bn
Ferguson Plc.,FERG,ğŸ‡ºğŸ‡¸,New York Stock Exchange,General Industrials,$31.3bn
Ferrari N.V.,RACE,ğŸ‡ºğŸ‡¸,New York Stock Exchange,Automobiles & Parts,$55.7bn
Ferrovial S.A.,FER,ğŸ‡ªğŸ‡¸,Barcelona Stock Exchange,Commercial Transportation,â‚¬13.3bn
Finecobank SpA,FBK,ğŸ‡®ğŸ‡¹,Italian Stock Exchange,Financial Services,â‚¬6.7bn
F.L.Smidth & Co. AS,FLS,ğŸ‡©ğŸ‡°,Copenhagen Stock Exchange,Industrial Engineering,kr.16.1bn
Flughafen Zurich AG.,FHZN,ğŸ‡¨ğŸ‡­,SIX Swiss Exchange,Travel & Leisure,Fr.5.1bn
Flutter Entertainment Plc,FLTR,ğŸ‡®ğŸ‡ª,Irish Stock Exchange,Travel & Leisure,â‚¬25.1bn
Fortum Oyj,FORTUM,ğŸ‡«ğŸ‡®,Helsinki Stock Exchange,"Gas, Water & Multiutilities",â‚¬9.7bn
Fraport AG,FRA,ğŸ‡©ğŸ‡ª,Frankfurt Stock Exchange,Travel & Leisure,â‚¬4.1bn
Freenet AG,FNTN,ğŸ‡©ğŸ‡ª,Frankfurt Stock Exchange,Telecomms,â‚¬2.8bn
Fresenius Medical Care AG & Co. KGaA,FME,ğŸ‡©ğŸ‡ª,Frankfurt Stock Exchange,Health Care Equipment & Services,â‚¬9.8bn
Fresenius SE & Co. KGaA,FRE,ğŸ‡©ğŸ‡ª,Frankfurt Stock Exchange,Health Care Equipment & Services,â‚¬14.0bn
Fuchs Petrolub SE - Preference Share,FPE3,ğŸ‡©ğŸ‡ª,Frankfurt Stock Exchange,Energy,â‚¬2.4bn
Galapagos NV,GLPG,ğŸ‡³ğŸ‡±,Euronext Amsterdam,Pharmaceuticals & Biotechnology,â‚¬2.2bn
Galenica AG,GALE,ğŸ‡¨ğŸ‡­,SIX Swiss Exchange,Health Care Equipment & Services,Fr.3.3bn
Galp Energia Sgps - Class B Shares,GALP,ğŸ‡µğŸ‡¹,Euronext Lisbon,Oil & Gas Producers,â‚¬11.0bn
GEA Group AG,G1A,ğŸ‡©ğŸ‡ª,Frankfurt Stock Exchange,Engineering,â‚¬6.0bn
Geberit AG,GEBN,ğŸ‡¨ğŸ‡­,SIX Swiss Exchange,Health Care Equipment & Services,Fr.14.7bn
Gecina Nom.,GFC,ğŸ‡«ğŸ‡·,Euronext Paris,Real Estate Investment Trusts,â‚¬7.0bn
Genmab,GMAB,ğŸ‡©ğŸ‡°,Copenhagen Stock Exchange,Pharmaceuticals & Biotechnology,kr.136.4bn
Georg Fischer AG,GF,ğŸ‡¨ğŸ‡­,SIX Swiss Exchange,Industrial Engineering,Fr.3.9bn
Gerresheimer AG,GXI,ğŸ‡©ğŸ‡ª,Frankfurt Stock Exchange,Pharmaceuticals & Biotechnology,â‚¬3.3bn
Getinge AB - Class B Shares,GETI B,ğŸ‡¸ğŸ‡ª,Stockholm Stock Exchange,Pharmaceuticals & Biotechnology,kr48.7bn
Getlink SE - Class A Shares,GET,ğŸ‡«ğŸ‡·,Euronext Paris,Commercial Transportation,â‚¬8.1bn
Givaudan SA,GIVN,ğŸ‡¨ğŸ‡­,SIX Swiss Exchange,Personal Goods,Fr.26.5bn
Gjensidige Forsikring ASA,GJF,ğŸ‡³ğŸ‡´,Oslo Stock Exchange,Nonlife Insurance,kr82.8bn
Glanbia Plc,GL9,ğŸ‡®ğŸ‡ª,Irish Stock Exchange,Food Producers,â‚¬3.9bn
Glencore plc,GLEN,ğŸ‡¬ğŸ‡§,London Stock Exchange,Mining,Â£53.6bn
GN Store Nord A.S.,GN,ğŸ‡©ğŸ‡°,Copenhagen Stock Exchange,Leisure Goods,kr.17.3bn
Great Portland Estates plc,GPE,ğŸ‡¬ğŸ‡§,London Stock Exchange,Real Estate Investment Trusts,Â£975mn
Grenke AG,GLJ,ğŸ‡©ğŸ‡ª,Frankfurt Stock Exchange,Financial Services,â‚¬902mn
Grifols SA,GRF,ğŸ‡ªğŸ‡¸,Barcelona Stock Exchange,Pharmaceuticals & Biotechnology,â‚¬8.8bn
Groupe Bruxelles Lambert (New),GBLB,ğŸ‡§ğŸ‡ª,Euronext Brussels,General Industrials,â‚¬10.1bn
GSK Plc,GSK,ğŸ‡¬ğŸ‡§,London Stock Exchange,Pharmaceuticals & Biotechnology,Â£59.9bn
Halma plc,HLMA,ğŸ‡¬ğŸ‡§,London Stock Exchange,Electronic & Electrical Equipment,Â£6.9bn
Hammerson plc,HMSO,ğŸ‡¬ğŸ‡§,London Stock Exchange,Real Estate Investment Trusts,Â£1.1bn
Hannover Ruck SE,HNR1,ğŸ‡©ğŸ‡ª,Frankfurt Stock Exchange,Nonlife Insurance,â‚¬25.0bn
Hargreaves Lansdown Plc,HL.,ğŸ‡¬ğŸ‡§,London Stock Exchange,General Financial,Â£3.3bn
Hays plc,HAS,ğŸ‡¬ğŸ‡§,London Stock Exchange,Support Services,Â£1.5bn
HeidelbergCement AG,HEI,ğŸ‡©ğŸ‡ª,Frankfurt Stock Exchange,Construction & Materials,â‚¬12.8bn
Heineken Holdings,HEIO,ğŸ‡³ğŸ‡±,Euronext Amsterdam,Beverages,â‚¬20.2bn
Heineken N.V,HEIA,ğŸ‡³ğŸ‡±,Euronext Amsterdam,Beverages,â‚¬47.6bn
HELLA GmbH & Co. KGaA,HLE,ğŸ‡©ğŸ‡ª,Frankfurt Stock Exchange,Automobiles & Parts,â‚¬8.0bn
Helvetia Holding AG,HELN,ğŸ‡¨ğŸ‡­,SIX Swiss Exchange,Nonlife Insurance,Fr.6.3bn
Henkel AG & Co. KGAA - Preference Share,HEN3,ğŸ‡©ğŸ‡ª,Frankfurt Stock Exchange,Chemicals,â‚¬11.9bn
Hennes & Mauritz AB - Class B Shares,HM B,ğŸ‡¸ğŸ‡ª,Stockholm Stock Exchange,Retailers,kr215.7bn
Hera Spa,HER,ğŸ‡®ğŸ‡¹,Italian Stock Exchange,"Gas, Water & Multiutilities",â‚¬3.8bn
Hermes International,RMS,ğŸ‡«ğŸ‡·,Euronext Paris,Leisure Goods,â‚¬174.6bn
Hexagon AB - Class B Shares,HEXA B,ğŸ‡¸ğŸ‡ª,Stockholm Stock Exchange,Technology Hardware & Equipment,kr243.6bn
Hexpol AB - Class B Shares,HPOL B,ğŸ‡¸ğŸ‡ª,Stockholm Stock Exchange,Chemicals,kr30.1bn
Hikma Pharmaceuticals Plc,HIK,ğŸ‡¬ğŸ‡§,London Stock Exchange,Pharmaceuticals & Biotechnology,Â£4.3bn
Hiscox Ltd,HSX,ğŸ‡¬ğŸ‡§,London Stock Exchange,Nonlife Insurance,Â£3.4bn
H. Lundbeck AS,LUN,ğŸ‡©ğŸ‡°,Copenhagen Stock Exchange,Pharmaceuticals & Biotechnology,kr.34.4bn
Hochtief AG,HOT,ğŸ‡©ğŸ‡ª,Frankfurt Stock Exchange,Construction & Materials,â‚¬7.1bn
Holcim Ltd,HOLN,ğŸ‡¨ğŸ‡­,SIX Swiss Exchange,Construction & Materials,Fr.31.8bn
Homeserve,HSV,ğŸ‡¬ğŸ‡§,London Stock Exchange,Support Services,Â£4.1bn
Howden Joinery Group Plc,HWDN,ğŸ‡¬ğŸ‡§,London Stock Exchange,Support Services,Â£3.5bn
HSBC Holdings plc,HSBA,ğŸ‡¬ğŸ‡§,London Stock Exchange,Banks,Â£120.0bn
Hugo Boss AG - Ordinary Shares (Registered),BOSS,ğŸ‡©ğŸ‡ª,Frankfurt Stock Exchange,Personal Goods,â‚¬4.1bn
Huhtamaki Oyj,HUH1V,ğŸ‡«ğŸ‡®,Helsinki Stock Exchange,Food and Drug Retailers,â‚¬3.4bn
Husqvarna AB - Class B Shares,HUSQ B,ğŸ‡¸ğŸ‡ª,Stockholm Stock Exchange,Household Goods,kr33.9bn
Iberdrola S.A.,IBE,ğŸ‡ªğŸ‡¸,Madrid Stock Exchange,Electricity,â‚¬65.9bn
Icade,ICAD,ğŸ‡«ğŸ‡·,Euronext Paris,Property,â‚¬2.2bn
ICA Gruppen AB,ICA,ğŸ‡¸ğŸ‡ª,Stockholm Stock Exchange,Retailers,kr107.8bn
IG Group Holdings Plc,IGG,ğŸ‡¬ğŸ‡§,London Stock Exchange,Financial Services,Â£2.4bn
IMCD N.V.,IMCD,ğŸ‡³ğŸ‡±,Euronext Amsterdam,Chemicals,â‚¬6.3bn
Imerys,NK,ğŸ‡«ğŸ‡·,Euronext Paris,Mining,â‚¬2.1bn
IMI plc,IMI,ğŸ‡¬ğŸ‡§,London Stock Exchange,Industrial Engineering,Â£3.8bn
Imperial Brands Plc,IMB,ğŸ‡¬ğŸ‡§,London Stock Exchange,Tobacco,Â£15.4bn
Inchcape plc,INCH,ğŸ‡¬ğŸ‡§,London Stock Exchange,Retailers,Â£2.8bn
Industria De Diseno Textil SA,ITX,ğŸ‡ªğŸ‡¸,Madrid Stock Exchange,Personal Goods,â‚¬104.2bn
"Industrivarden, AB - Class A Shares",INDU A,ğŸ‡¸ğŸ‡ª,Stockholm Stock Exchange,Financial Services,kr72.5bn
Infineon Technologies AG,IFX,ğŸ‡©ğŸ‡ª,Frankfurt Stock Exchange,Technology Hardware & Equipment,â‚¬38.5bn
Informa Plc,INF,ğŸ‡¬ğŸ‡§,London Stock Exchange,Media,Â£9.5bn
ING Groep N.V.,INGA,ğŸ‡³ğŸ‡±,Euronext Amsterdam,Banks,â‚¬43.6bn
Inmobiliaria Colonial Socimi S.A.,COL,ğŸ‡ªğŸ‡¸,Madrid Stock Exchange,Property,â‚¬2.8bn
Intercontinental Hotels Group,IHG,ğŸ‡¬ğŸ‡§,London Stock Exchange,Travel & Leisure,Â£9.7bn
Intermediate Capital Group,ICP,ğŸ‡¬ğŸ‡§,London Stock Exchange,Financial Services,Â£3.8bn
International Consolidated Airlines Group SA,IAG,ğŸ‡¬ğŸ‡§,London Stock Exchange,Travel & Leisure,Â£6.9bn
International Distributions Services Plc,IDS,ğŸ‡¬ğŸ‡§,London Stock Exchange,Industrial Transportation,Â£2.3bn
Interpump Group Spa,IP,ğŸ‡®ğŸ‡¹,Italian Stock Exchange,"Gas, Water & Multiutilities",â‚¬4.3bn
Intertek Group plc,ITRK,ğŸ‡¬ğŸ‡§,London Stock Exchange,Support Services,Â£6.5bn
Intesa Sanpaolo Spa,ISP,ğŸ‡®ğŸ‡¹,Italian Stock Exchange,Banks,â‚¬42.9bn
Investec plc,INVP,ğŸ‡¬ğŸ‡§,London Stock Exchange,Financial Services,Â£2.9bn
Investor AB - Class B Shares,INVE B,ğŸ‡¸ğŸ‡ª,Stockholm Stock Exchange,Financial Services,kr364.4bn
Ipsen,IPN,ğŸ‡«ğŸ‡·,Euronext Paris,Pharmaceuticals & Biotechnology,â‚¬9.5bn
ISS A/S,ISS,ğŸ‡©ğŸ‡°,Copenhagen Stock Exchange,Support Services,kr.18.5bn
Italgas S.p.A,IG,ğŸ‡®ğŸ‡¹,Italian Stock Exchange,Oil & Gas Producers,â‚¬3.9bn
ITV,ITV,ğŸ‡¬ğŸ‡§,London Stock Exchange,Media,Â£2.6bn
JCDecaux SA,DEC,ğŸ‡«ğŸ‡·,Euronext Paris,Media,â‚¬3.2bn
"Jeronimo Martins - S.G.P.S., S.A.",JMT,ğŸ‡µğŸ‡¹,Euronext Lisbon,Retailers,â‚¬12.8bn
Johnson Matthey plc,JMAT,ğŸ‡¬ğŸ‡§,London Stock Exchange,Chemicals,Â£2.7bn
John Wood Group Plc,WG.,ğŸ‡¬ğŸ‡§,London Stock Exchange,"Oil Equipment, Services & Distribution",Â£959mn
Julius Baer Group Ltd,BAER,ğŸ‡¨ğŸ‡­,SIX Swiss Exchange,Banks,Fr.11.1bn
Jupiter Fund Management Plc,JUP,ğŸ‡¬ğŸ‡§,London Stock Exchange,Financial Services,Â£438mn
Just Eat Takeaway.com N.V.,TKWY,ğŸ‡³ğŸ‡±,Euronext Amsterdam,Food and Drug Retailers,â‚¬2.5bn
Jyske Bank AS,JYSK,ğŸ‡©ğŸ‡°,Copenhagen Stock Exchange,Banks,kr.33.0bn
KBC Groupe NV,KBC,ğŸ‡§ğŸ‡ª,Euronext Brussels,Banks,â‚¬22.0bn
Kering,KER,ğŸ‡«ğŸ‡·,Euronext Paris,Leisure Goods,â‚¬50.0bn
Kerry Group Plc - Class A Shares,KRZ,ğŸ‡®ğŸ‡ª,Irish Stock Exchange,Food Producers,â‚¬12.6bn
Kesko Oyj - Class B Shares,KESKOB,ğŸ‡«ğŸ‡®,Helsinki Stock Exchange,Retailers,â‚¬4.2bn
KGHM Polska Miedz S.A.,KGH,ğŸ‡µğŸ‡±,Warsaw Stock Exchange,Industrial Metals,zÅ‚21.6bn
Kindred Group plc - SDR,KIND SDB,ğŸ‡¸ğŸ‡ª,Stockholm Stock Exchange,Travel & Leisure,kr21.5bn
Kingfisher Plc,KGF,ğŸ‡¬ğŸ‡§,London Stock Exchange,Retailers,Â£3.8bn
Kingspan Group Plc,KRX,ğŸ‡®ğŸ‡ª,Irish Stock Exchange,Construction & Materials,â‚¬11.2bn
Kinnevik AB - Class B Shares,KINV B,ğŸ‡¸ğŸ‡ª,Stockholm Stock Exchange,Financial Services,kr22.7bn
Kion Group AG,KGX,ğŸ‡©ğŸ‡ª,Berlin Stock Exchange,Construction & Materials,â‚¬4.5bn
Klepierre,LI,ğŸ‡«ğŸ‡·,Euronext Paris,Real Estate,â‚¬6.3bn
Knorr-Bremse AG,KBX,ğŸ‡©ğŸ‡ª,Frankfurt Stock Exchange,Engineering,â‚¬8.7bn
Kone Corp. - Class B Shares,KNEBV,ğŸ‡«ğŸ‡®,Helsinki Stock Exchange,Engineering,â‚¬17.3bn
Konecranes Plc,KCR,ğŸ‡«ğŸ‡®,Helsinki Stock Exchange,General Industrials,â‚¬2.4bn
Koninklijke Ahold Delhaize N.V.,AD,ğŸ‡³ğŸ‡±,Euronext Amsterdam,Food and Drug Retailers,â‚¬26.2bn
Koninklijke KPN NV,KPN,ğŸ‡³ğŸ‡±,Euronext Amsterdam,Telecomms,â‚¬12.4bn
Koninklijke Philips N.V.,PHIA,ğŸ‡³ğŸ‡±,Euronext Amsterdam,Electronic & Electrical Equipment,â‚¬16.2bn
Koninklijke Vopak,VPK,ğŸ‡³ğŸ‡±,Euronext Amsterdam,Commercial Transportation,â‚¬3.9bn
K & S AG,SDF,ğŸ‡©ğŸ‡ª,Frankfurt Stock Exchange,Chemicals,â‚¬3.1bn
Kuehne + Nagel International AG - Ordinary Shares (Registered),KNIN,ğŸ‡¨ğŸ‡­,SIX Swiss Exchange,Support Services,Fr.29.9bn
Lagardere SA,MMB,ğŸ‡«ğŸ‡·,Euronext Paris,Conglomerates,â‚¬2.6bn
Land Securities Group,LAND,ğŸ‡¬ğŸ‡§,London Stock Exchange,Real Estate Investment Trusts,Â£4.3bn
Lanxess AG,LXS,ğŸ‡©ğŸ‡ª,Frankfurt Stock Exchange,Chemicals,â‚¬1.8bn
Legal & General Group plc,LGEN,ğŸ‡¬ğŸ‡§,London Stock Exchange,Life Insurance,Â£12.4bn
LEG Immobilien SE,LEG,ğŸ‡©ğŸ‡ª,Frankfurt Stock Exchange,Property,â‚¬4.1bn
Legrand SA,LR,ğŸ‡«ğŸ‡·,Euronext Paris,Electronic & Electrical Equipment,â‚¬21.4bn
L E Lundbergfoeretagen AB - Class B Shares,LUND B,ğŸ‡¸ğŸ‡ª,Stockholm Stock Exchange,Financial Services,kr67.1bn
Leonardo Finmeccanica,LDO,ğŸ‡®ğŸ‡¹,Italian Stock Exchange,Aerospace & Defence,â‚¬8.0bn
Lloyds Banking Group plc,LLOY,ğŸ‡¬ğŸ‡§,London Stock Exchange,Banks,Â£26.4bn
Logitech International S.A.,LOGN,ğŸ‡¨ğŸ‡­,SIX Swiss Exchange,Technology Hardware & Equipment,Fr.10.7bn
London Stock Exchange Group,LSEG,ğŸ‡¬ğŸ‡§,London Stock Exchange,Financial Services,Â£43.0bn
Lonza Group AG,LONN,ğŸ‡¨ğŸ‡­,SIX Swiss Exchange,Pharmaceuticals & Biotechnology,Fr.24.8bn
Loomis AB - Class B Shares,LOOMIS,ğŸ‡¸ğŸ‡ª,Stockholm Stock Exchange,General Industrials,kr23.7bn
L'Oreal,OR,ğŸ‡«ğŸ‡·,Euronext Paris,Personal Goods,â‚¬203.8bn
LPP SA,LPP,ğŸ‡µğŸ‡±,Warsaw Stock Exchange,Retailers,zÅ‚23.7bn
Lvmh Moet Hennessy Vuitton SE,MC,ğŸ‡«ğŸ‡·,Euronext Paris,Leisure Goods,â‚¬333.4bn
Man Group Limited,EMG,ğŸ‡¬ğŸ‡§,London Stock Exchange,Hedge Funds,Â£2.6bn
Mapfre Sociedad Anonima,MAP,ğŸ‡ªğŸ‡¸,Madrid Stock Exchange,Life Insurance,â‚¬6.0bn
Marks & Spencer Group,MKS,ğŸ‡¬ğŸ‡§,London Stock Exchange,Retailers,Â£4.2bn
Mediobanca - Banca Di Credito Finanziario Spa,MB,ğŸ‡®ğŸ‡¹,Italian Stock Exchange,Banks,â‚¬9.4bn
Meggitt plc,MGGT,ğŸ‡¬ğŸ‡§,London Stock Exchange,Aerospace & Defence,Â£6.3bn
Melrose Industries Plc.,MRO,ğŸ‡¬ğŸ‡§,London Stock Exchange,Industrial Engineering,Â£6.1bn
Mercedes-Benz Group AG,MBG,ğŸ‡©ğŸ‡ª,Frankfurt Stock Exchange,Automobiles & Parts,â‚¬66.5bn
Merck KGAA,MRK,ğŸ‡©ğŸ‡ª,Frankfurt Stock Exchange,Pharmaceuticals & Biotechnology,â‚¬19.3bn
Merlin Properties SOCIMI S.A,MRL,ğŸ‡ªğŸ‡¸,Madrid Stock Exchange,Property,â‚¬3.6bn
Metro AG,B4B,ğŸ‡©ğŸ‡ª,Frankfurt Stock Exchange,Food and Drug Retailers,â‚¬2.3bn
Michelin,ML,ğŸ‡«ğŸ‡·,Euronext Paris,Automobiles & Parts,â‚¬19.8bn
Moncler SPA,MONC,ğŸ‡®ğŸ‡¹,Italian Stock Exchange,Personal Goods,â‚¬14.4bn
Mondi,MNDI,ğŸ‡¬ğŸ‡§,London Stock Exchange,Forestry & Paper,Â£6.1bn
Morphosys AG,MOR,ğŸ‡©ğŸ‡ª,Frankfurt Stock Exchange,Pharmaceuticals & Biotechnology,â‚¬877mn
Mowi ASA,MOWI,ğŸ‡³ğŸ‡´,Oslo Stock Exchange,Food Producers,kr91.1bn
MTU Aero Engines AG,MTX,ğŸ‡©ğŸ‡ª,Frankfurt Stock Exchange,Aerospace & Defence,â‚¬8.8bn
Muenchener Rueckversicherungs-Gesellschaft AG,MUV2,ğŸ‡©ğŸ‡ª,Frankfurt Stock Exchange,Nonlife Insurance,â‚¬50.4bn
National Grid Plc,NG.,ğŸ‡¬ğŸ‡§,London Stock Exchange,Electricity,Â£35.6bn
Natixis SA,KN,ğŸ‡«ğŸ‡·,Euronext Paris,Banks,â‚¬12.6bn
Naturgy Energy Group S.A.,NTGY,ğŸ‡ªğŸ‡¸,Madrid Stock Exchange,Oil & Gas Producers,â‚¬25.4bn
NatWest Group Plc,NWG,ğŸ‡¬ğŸ‡§,London Stock Exchange,Banks,Â£19.4bn
Neles Corporation,NELES,ğŸ‡«ğŸ‡®,Helsinki Stock Exchange,General Industrials,â‚¬1.4bn
Nemetschek SE,NEM,ğŸ‡©ğŸ‡ª,Frankfurt Stock Exchange,Software & Computer Services,â‚¬7.2bn
Neste OYJ,NESTE,ğŸ‡«ğŸ‡®,Helsinki Stock Exchange,Oil & Gas Producers,â‚¬22.5bn
Nestle SA,NESN,ğŸ‡¨ğŸ‡­,SIX Swiss Exchange,Food Producers,Fr.262.9bn
Next plc.,NXT,ğŸ‡¬ğŸ‡§,London Stock Exchange,Retailers,Â£8.7bn
Nibe Industrier AB - Class B Shares,NIBE B,ğŸ‡¸ğŸ‡ª,Stockholm Stock Exchange,Construction & Materials,kr114.9bn
NN Group NV,NN,ğŸ‡³ğŸ‡±,Euronext Amsterdam,Nonlife Insurance,â‚¬8.3bn
Nokia Corp,NOKIA,ğŸ‡«ğŸ‡®,Helsinki Stock Exchange,Mobile Telecommunications,â‚¬17.0bn
Nokian Renkaat Oyj,TYRES,ğŸ‡«ğŸ‡®,Helsinki Stock Exchange,Automobiles & Parts,â‚¬1.1bn
Nordea Bank Abp,NDA FI,ğŸ‡«ğŸ‡®,Helsinki Stock Exchange,Banks,â‚¬36.6bn
Norsk Hydro,NHY,ğŸ‡³ğŸ‡´,Oslo Stock Exchange,Alternative Energy,kr118.4bn
Novartis AG - Ordinary Shares (Registered),NOVN,ğŸ‡¨ğŸ‡­,SIX Swiss Exchange,Pharmaceuticals & Biotechnology,Fr.193.1bn
Novo Nordisk - Class B Shares,NOVO B,ğŸ‡©ğŸ‡°,Copenhagen Stock Exchange,Pharmaceuticals & Biotechnology,kr.2328.0bn
Novozymes AS - Class B Shares,NZYM B,ğŸ‡©ğŸ‡°,Copenhagen Stock Exchange,Pharmaceuticals & Biotechnology,kr.64.2bn
Ocado Group Plc,OCDO,ğŸ‡¬ğŸ‡§,London Stock Exchange,Food and Drug Retailers,Â£4.0bn
"OC Oerlikon Corporation AG, Pfaffikon",OERL,ğŸ‡¨ğŸ‡­,SIX Swiss Exchange,Technology Hardware & Equipment,Fr.1.2bn
Old Mutual Limited,OMU,ğŸ‡¿ğŸ‡¦,Johannesburg Stock Exchange,Life Insurance,R56.5bn
OMV AG,OMV,ğŸ‡¦ğŸ‡¹,Vienna Stock Exchange,Oil & Gas Producers,â‚¬13.8bn
Orange.,ORA,ğŸ‡«ğŸ‡·,Euronext Paris,Telecomms,â‚¬28.8bn
Orion Corporation - Class B Shares,ORNBV,ğŸ‡«ğŸ‡®,Helsinki Stock Exchange,Food Producers,â‚¬4.0bn
Orkla,ORK,ğŸ‡³ğŸ‡´,Oslo Stock Exchange,Conglomerates,kr80.4bn
Orlen S.A.,PKN,ğŸ‡µğŸ‡±,Warsaw Stock Exchange,Oil & Gas Producers,zÅ‚28.0bn
Orpea,ORP,ğŸ‡«ğŸ‡·,Euronext Paris,Health Care Equipment & Services,â‚¬78mn
Orron Energy AB - Class A Shares,ORRON,ğŸ‡¸ğŸ‡ª,Stockholm Stock Exchange,Oil & Gas Producers,kr2.0bn
Orsted A/S,ORSTED,ğŸ‡©ğŸ‡°,Copenhagen Stock Exchange,Energy,kr.136.8bn
Pandora A/S,PNDORA,ğŸ‡©ğŸ‡°,Copenhagen Stock Exchange,Personal Goods,kr.70.8bn
Partners Group Holding,PGHN,ğŸ‡¨ğŸ‡­,SIX Swiss Exchange,Financial Services,Fr.25.4bn
Pearson plc,PSON,ğŸ‡¬ğŸ‡§,London Stock Exchange,Media,Â£6.3bn
Pennon Group,PNN,ğŸ‡¬ğŸ‡§,London Stock Exchange,"Gas, Water & Multiutilities",Â£1.8bn
Pernod Ricard,RI,ğŸ‡«ğŸ‡·,Euronext Paris,Beverages,â‚¬42.4bn
Persimmon plc,PSN,ğŸ‡¬ğŸ‡§,London Stock Exchange,Home Construction,Â£3.1bn
Phoenix Group Holdings Plc,PHNX,ğŸ‡¬ğŸ‡§,London Stock Exchange,Life Insurance,Â£4.5bn
Pirelli & C. S.p.A.,PIRC,ğŸ‡®ğŸ‡¹,Italian Stock Exchange,Automobiles & Parts,â‚¬4.3bn
Polish Oil & Gas,PGN,ğŸ‡µğŸ‡±,Warsaw Stock Exchange,Oil & Gas Producers,zÅ‚29.7bn
Polymetal International Plc,POLY,ğŸ‡¬ğŸ‡§,London Stock Exchange,Mining,Â£913mn
Porsche Automobil Holding SE - PRF PERPETUAL EUR 1,PAH3,ğŸ‡©ğŸ‡ª,Frankfurt Stock Exchange,Automobiles & Parts,â‚¬6.8bn
Poste Italiane S.p.a,PST,ğŸ‡®ğŸ‡¹,Italian Stock Exchange,Industrial Transportation,â‚¬12.0bn
Powszechna Kasa Oszczednosci Bank Polski SA,PKO,ğŸ‡µğŸ‡±,Warsaw Stock Exchange,Banks,zÅ‚50.0bn
Powszechny Zaklad Ubezpieczen SA,PZU,ğŸ‡µğŸ‡±,Warsaw Stock Exchange,Nonlife Insurance,zÅ‚38.3bn
Prosiebensati Media SE,PSM,ğŸ‡©ğŸ‡ª,Frankfurt Stock Exchange,Media,â‚¬1.3bn
Proximus,PROX,ğŸ‡§ğŸ‡ª,Euronext Brussels,Telecomms,â‚¬2.7bn
Prudential plc,PRU,ğŸ‡¬ğŸ‡§,London Stock Exchange,Life Insurance,Â£22.9bn
Prysmian S.p.A,PRY,ğŸ‡®ğŸ‡¹,Italian Stock Exchange,Technology Hardware & Equipment,â‚¬9.5bn
PSP Swiss Property AG,PSPN,ğŸ‡¨ğŸ‡­,SIX Swiss Exchange,Real Estate,Fr.4.9bn
Publicis Groupe SA,PUB,ğŸ‡«ğŸ‡·,Euronext Paris,Media,â‚¬18.3bn
Puma SE,PUM,ğŸ‡©ğŸ‡ª,Frankfurt Stock Exchange,Personal Goods,â‚¬7.6bn
Qiagen NV,QGEN,ğŸ‡ºğŸ‡¸,New York Stock Exchange,Pharmaceuticals & Biotechnology,$8.6bn
Quilter Plc,QLT,ğŸ‡¬ğŸ‡§,London Stock Exchange,Financial Services,Â£1.1bn
Raiffeisen Bank International AG,RBI,ğŸ‡¦ğŸ‡¹,Vienna Stock Exchange,Banks,â‚¬4.3bn
Randstad NV,RAND,ğŸ‡³ğŸ‡±,Euronext Amsterdam,Support Services,â‚¬8.8bn
Reckitt Benckiser Group Plc,RKT,ğŸ‡¬ğŸ‡§,London Stock Exchange,Household Goods,Â£42.6bn
Recordati SpA,REC,ğŸ‡®ğŸ‡¹,Italian Stock Exchange,Pharmaceuticals & Biotechnology,â‚¬9.2bn
Redeia Corporacion S.A.,RED,ğŸ‡ªğŸ‡¸,Madrid Stock Exchange,Electricity,â‚¬8.1bn
RELX Plc,REL,ğŸ‡¬ğŸ‡§,London Stock Exchange,Media,Â£53.5bn
Remy Cointreau SA,RCO,ğŸ‡«ğŸ‡·,Euronext Paris,Beverages,â‚¬6.1bn
Renault S.A.,RNO,ğŸ‡«ğŸ‡·,Euronext Paris,Automobiles & Parts,â‚¬9.8bn
Rentokil Initial Plc.,RTO,ğŸ‡¬ğŸ‡§,London Stock Exchange,Support Services,Â£11.7bn
Repsol S.A,REP,ğŸ‡ªğŸ‡¸,Madrid Stock Exchange,Oil & Gas Producers,â‚¬19.0bn
Rexel,RXL,ğŸ‡«ğŸ‡·,Euronext Paris,Retailers,â‚¬5.7bn
Rheinmetall AG,RHM,ğŸ‡©ğŸ‡ª,Frankfurt Stock Exchange,Aerospace & Defence,â‚¬11.3bn
Rightmove Plc,RMV,ğŸ‡¬ğŸ‡§,London Stock Exchange,Media,Â£3.9bn
Rio Tinto plc,RIO,ğŸ‡¬ğŸ‡§,London Stock Exchange,Mining,Â£61.7bn
Roche Holding AG,ROG,ğŸ‡¨ğŸ‡­,SIX Swiss Exchange,Pharmaceuticals & Biotechnology,Fr.167.9bn
Rockwool AS - Class B Shares,ROCK B,ğŸ‡©ğŸ‡°,Copenhagen Stock Exchange,Technology Hardware & Equipment,kr.16.6bn
Rolls-Royce Holdings Plc,RR.,ğŸ‡¬ğŸ‡§,London Stock Exchange,Aerospace & Defence,Â£16.7bn
Rotork plc,ROR,ğŸ‡¬ğŸ‡§,London Stock Exchange,Industrial Engineering,Â£2.5bn
Royal Boskalis Westminster N.V.,BOKA,ğŸ‡³ğŸ‡±,Euronext Amsterdam,Support Services,â‚¬4.2bn
Royal Unibrew AS,RBREW,ğŸ‡©ğŸ‡°,Copenhagen Stock Exchange,Beverages,kr.25.7bn
RS Group Plc,RS1,ğŸ‡¬ğŸ‡§,London Stock Exchange,Support Services,Â£3.1bn
RTL Group,RTLL,ğŸ‡±ğŸ‡º,Luxembourg Stock Exchange,Media,â‚¬5.1bn
Rubis,RUI,ğŸ‡«ğŸ‡·,Euronext Paris,Support Services,â‚¬2.1bn
RWE AG - Class A Shares,RWE,ğŸ‡©ğŸ‡ª,Frankfurt Stock Exchange,Electricity,â‚¬23.2bn
Ryanair Holdings Plc,RYA,ğŸ‡®ğŸ‡ª,Irish Stock Exchange,Travel & Leisure,â‚¬16.3bn
SAAB AB - Class B Shares,SAAB B,ğŸ‡¸ğŸ‡ª,Stockholm Stock Exchange,General Industrials,kr74.3bn
Safran SA,SAF,ğŸ‡«ğŸ‡·,Euronext Paris,Aerospace & Defence,â‚¬61.9bn
Sage Group plc,SGE,ğŸ‡¬ğŸ‡§,London Stock Exchange,Software & Computer Services,Â£9.8bn
Sainsbury (J) plc,SBRY,ğŸ‡¬ğŸ‡§,London Stock Exchange,Food and Drug Retailers,Â£6.0bn
Saipem Spa,SPM,ğŸ‡®ğŸ‡¹,Italian Stock Exchange,Oil & Gas Producers,â‚¬1.5bn
Salmar Asa,SALM,ğŸ‡³ğŸ‡´,Oslo Stock Exchange,Food Producers,kr74.3bn
Sampo Plc - Class A Shares,SAMPO,ğŸ‡«ğŸ‡®,Helsinki Stock Exchange,Nonlife Insurance,â‚¬18.7bn
Sandvik AB,SAND,ğŸ‡¸ğŸ‡ª,Stockholm Stock Exchange,General Industrials,kr232.6bn
Sanofi,SAN,ğŸ‡«ğŸ‡·,Euronext Paris,Pharmaceuticals & Biotechnology,â‚¬125.0bn
Santander Bank Polska S. A.,SPL,ğŸ‡µğŸ‡±,Warsaw Stock Exchange,Banks,zÅ‚41.6bn
Sap SE,SAP,ğŸ‡©ğŸ‡ª,Frankfurt Stock Exchange,Software & Computer Services,â‚¬152.2bn
Sartorius AG - Preference Share,SRT3,ğŸ‡©ğŸ‡ª,Frankfurt Stock Exchange,Pharmaceuticals & Biotechnology,â‚¬9.0bn
Sartorius Stedim Biotech S.A.,DIM,ğŸ‡«ğŸ‡·,Euronext Paris,Pharmaceuticals & Biotechnology,â‚¬16.5bn
SBM Offshore N.V,SBMO,ğŸ‡³ğŸ‡±,Euronext Amsterdam,"Oil Equipment, Services & Distribution",â‚¬2.1bn
Schibsted ASA - Class A Shares,SCHA,ğŸ‡³ğŸ‡´,Oslo Stock Exchange,Software & Computer Services,kr24.2bn
Schindler Holding AG - Ordinary Shares - Non Voting,SCHP,ğŸ‡¨ğŸ‡­,SIX Swiss Exchange,Industrial Engineering,Fr.7.3bn
Schneider Electric SE,SU,ğŸ‡«ğŸ‡·,Euronext Paris,Technology Hardware & Equipment,â‚¬81.0bn
Schroders,SDR,ğŸ‡¬ğŸ‡§,London Stock Exchange,Financial Services,Â£5.9bn
Scor SE,SCR,ğŸ‡«ğŸ‡·,Euronext Paris,Life Insurance,â‚¬5.1bn
Scout24 SE,G24,ğŸ‡©ğŸ‡ª,Frankfurt Stock Exchange,Support Services,â‚¬4.5bn
SEB,SK,ğŸ‡«ğŸ‡·,Euronext Paris,Banks,â‚¬4.8bn
Securitas AB - Class B Shares,SECU B,ğŸ‡¸ğŸ‡ª,Stockholm Stock Exchange,General Industrials,kr49.8bn
Segro Plc,SGRO,ğŸ‡¬ğŸ‡§,London Stock Exchange,Real Estate Investment Trusts,Â£8.5bn
SES SA - FRR,SESGL,ğŸ‡±ğŸ‡º,Luxembourg Stock Exchange,Media,â‚¬2.0bn
Severn Trent plc,SVT,ğŸ‡¬ğŸ‡§,London Stock Exchange,"Gas, Water & Multiutilities",Â£7.5bn
SGS AG,SGSN,ğŸ‡¨ğŸ‡­,SIX Swiss Exchange,Support Services,Fr.14.0bn
Siemens AG,SIE,ğŸ‡©ğŸ‡ª,Frankfurt Stock Exchange,Electronic & Electrical Equipment,â‚¬101.5bn
Siemens Energy AG,ENR,ğŸ‡©ğŸ‡ª,Frankfurt Stock Exchange,Energy,â‚¬8.8bn
Siemens Gamesa Renewable Energy SA,SGRE,ğŸ‡ªğŸ‡¸,Madrid Stock Exchange,Alternative Energy,â‚¬12.3bn
Siemens Healthineers AG,SHL,ğŸ‡©ğŸ‡ª,Frankfurt Stock Exchange,Pharmaceuticals & Biotechnology,â‚¬51.9bn
Signify NV,LIGHT,ğŸ‡³ğŸ‡±,Euronext Amsterdam,Home Construction,â‚¬3.1bn
Sika AG,SIKA,ğŸ‡¨ğŸ‡­,SIX Swiss Exchange,Chemicals,Fr.33.4bn
Siltronic Ag,WAF,ğŸ‡©ğŸ‡ª,Frankfurt Stock Exchange,Software & Computer Services,â‚¬2.4bn
SimCorp,SIM,ğŸ‡©ğŸ‡°,Copenhagen Stock Exchange,Software & Computer Services,kr.29.7bn
Skandinaviska Enskilda Banken - Class A Shares,SEB A,ğŸ‡¸ğŸ‡ª,Stockholm Stock Exchange,Banks,kr279.9bn
Skanska AB - Class B Shares,SKA B,ğŸ‡¸ğŸ‡ª,Stockholm Stock Exchange,Construction & Materials,kr66.3bn
SKF AB - Class B Shares,SKF B,ğŸ‡¸ğŸ‡ª,Stockholm Stock Exchange,General Industrials,kr72.2bn
Smith (DS) plc,SMDS,ğŸ‡¬ğŸ‡§,London Stock Exchange,General Industrials,Â£3.6bn
Smith & Nephew plc,SN.,ğŸ‡¬ğŸ‡§,London Stock Exchange,Health Care Equipment & Services,Â£8.0bn
Smiths Group plc,SMIN,ğŸ‡¬ğŸ‡§,London Stock Exchange,General Industrials,Â£5.3bn
Smurfit Kappa Group Plc,SKG,ğŸ‡¬ğŸ‡§,London Stock Exchange,General Industrials,Â£6.7bn
Snam S.p.A.,SRG,ğŸ‡®ğŸ‡¹,Italian Stock Exchange,"Gas, Water & Multiutilities",â‚¬14.8bn
Societe Generale S.A.,GLE,ğŸ‡«ğŸ‡·,Euronext Paris,Banks,â‚¬17.2bn
Sodexo,SW,ğŸ‡«ğŸ‡·,Euronext Paris,Support Services,â‚¬14.4bn
Sofina,SOF,ğŸ‡§ğŸ‡ª,Euronext Brussels,Conglomerates,â‚¬5.9bn
Solvay SA,SOLB,ğŸ‡§ğŸ‡ª,Euronext Brussels,Chemicals,â‚¬10.3bn
Sonova Holding AG,SOON,ğŸ‡¨ğŸ‡­,SIX Swiss Exchange,Pharmaceuticals & Biotechnology,Fr.12.9bn
Sopra Steria Group,SOP,ğŸ‡«ğŸ‡·,Euronext Paris,Support Services,â‚¬3.5bn
Spectris,SXS,ğŸ‡¬ğŸ‡§,London Stock Exchange,Electronic & Electrical Equipment,Â£3.0bn
Spie ICS,SPIE,ğŸ‡«ğŸ‡·,Euronext Paris,Support Services,â‚¬4.2bn
Spirax-Sarco Engineering plc,SPX,ğŸ‡¬ğŸ‡§,London Stock Exchange,Industrial Engineering,Â£6.0bn
SSE Plc,SSE,ğŸ‡¬ğŸ‡§,London Stock Exchange,Electricity,Â£17.2bn
SSP Group Plc,SSPG,ğŸ‡¬ğŸ‡§,London Stock Exchange,Retailers,Â£1.5bn
Standard Chartered plc,STAN,ğŸ‡¬ğŸ‡§,London Stock Exchange,Banks,Â£19.5bn
Stellantis N.V,STLA,ğŸ‡ºğŸ‡¸,New York Stock Exchange,Automobiles & Parts,$59.7bn
St. James's Place Plc,STJ,ğŸ‡¬ğŸ‡§,London Stock Exchange,Life Insurance,Â£3.4bn
ST Microelectronics,STMPA,ğŸ‡«ğŸ‡·,Euronext Paris,Electronic & Electrical Equipment,â‚¬34.4bn
Stora Enso Oyj - Ordinary Shares - Class R,STERV,ğŸ‡«ğŸ‡®,Helsinki Stock Exchange,General Industrials,â‚¬6.6bn
Storebrand ASA,STB,ğŸ‡³ğŸ‡´,Oslo Stock Exchange,Financial Services,kr39.0bn
Straumann Holding AG,STMN,ğŸ‡¨ğŸ‡­,SIX Swiss Exchange,Health Care Equipment & Services,Fr.17.8bn
Subsea 7 S.A.,SUBC,ğŸ‡³ğŸ‡´,Oslo Stock Exchange,Construction & Materials,kr44.1bn
Suez.,SEV,ğŸ‡«ğŸ‡·,Euronext Paris,"Gas, Water & Multiutilities",â‚¬12.7bn
Svenska Cellulosa AB - Class B Shares,SCA B,ğŸ‡¸ğŸ‡ª,Stockholm Stock Exchange,Household Goods,kr93.5bn
Svenska Handelsbanken - Class A Shares,SHB A,ğŸ‡¸ğŸ‡ª,Stockholm Stock Exchange,Banks,kr193.4bn
Swatch Group AG,UHR,ğŸ‡¨ğŸ‡­,SIX Swiss Exchange,Personal Goods,Fr.6.5bn
Swedbank AB - Class A Shares,SWED A,ğŸ‡¸ğŸ‡ª,Stockholm Stock Exchange,Banks,kr231.0bn
Swedish Match,SWMA,ğŸ‡¸ğŸ‡ª,Stockholm Stock Exchange,Household Goods,kr173.2bn
Swedish Orphan Biovitrum AB,SOBI,ğŸ‡¸ğŸ‡ª,Stockholm Stock Exchange,Pharmaceuticals & Biotechnology,kr73.9bn
Swisscom AG,SCMN,ğŸ‡¨ğŸ‡­,SIX Swiss Exchange,Telecomms,Fr.27.8bn
Swiss Life Holding,SLHN,ğŸ‡¨ğŸ‡­,SIX Swiss Exchange,Life Insurance,Fr.16.4bn
Swiss Prime Site AG,SPSN,ğŸ‡¨ğŸ‡­,SIX Swiss Exchange,Real Estate,Fr.6.3bn
Swiss Re Ltd,SREN,ğŸ‡¨ğŸ‡­,SIX Swiss Exchange,Nonlife Insurance,Fr.30.4bn
Symrise AG,SY1,ğŸ‡©ğŸ‡ª,Frankfurt Stock Exchange,Personal Goods,â‚¬12.7bn
TAG Immobilien AG,TEG,ğŸ‡©ğŸ‡ª,Frankfurt Stock Exchange,Property,â‚¬1.6bn
Tate & Lyle plc,TATE,ğŸ‡¬ğŸ‡§,London Stock Exchange,Food Producers,Â£2.5bn
Taylor Wimpey,TW.,ğŸ‡¬ğŸ‡§,London Stock Exchange,Home Construction,Â£3.7bn
Tecan Group AG,TECN,ğŸ‡¨ğŸ‡­,SIX Swiss Exchange,Technology Hardware & Equipment,Fr.3.5bn
TechnipFMC plc,FTI,ğŸ‡ºğŸ‡¸,New York Stock Exchange,Oil & Gas Producers,$9.0bn
Tele2 AB - Class B Shares,TEL2 B,ğŸ‡¸ğŸ‡ª,Stockholm Stock Exchange,Telecomms,kr55.8bn
Telecom Italia S.p.A.,TIT,ğŸ‡®ğŸ‡¹,Italian Stock Exchange,Telecomms,â‚¬3.9bn
Telefonaktiebolaget L M Ericsson - Class B Shares,ERIC B,ğŸ‡¸ğŸ‡ª,Stockholm Stock Exchange,Telecomms,kr152.1bn
Telefonica Deutschland Holding AG,O2D,ğŸ‡©ğŸ‡ª,Frankfurt Stock Exchange,Telecomms,â‚¬4.9bn
Telefonica S.A,TEF,ğŸ‡ªğŸ‡¸,Madrid Stock Exchange,Telecomms,â‚¬21.5bn
Telenet Group Hldgs NV,TNET,ğŸ‡§ğŸ‡ª,Euronext Brussels,Telecomms,â‚¬2.4bn
Telenor ASA,TEL,ğŸ‡³ğŸ‡´,Oslo Stock Exchange,Telecomms,kr162.0bn
Teleperformance,TEP,ğŸ‡«ğŸ‡·,Euronext Paris,Support Services,â‚¬7.0bn
Telia Company AB,TELIA,ğŸ‡¸ğŸ‡ª,Stockholm Stock Exchange,Support Services,kr100.2bn
TEMENOS AG,TEMN,ğŸ‡¨ğŸ‡­,SIX Swiss Exchange,Banks,Fr.4.7bn
Tenaris S.A.,TEN,ğŸ‡®ğŸ‡¹,Italian Stock Exchange,Industrial Metals,â‚¬18.0bn
Terna - Trasmissione Elettricita Rete Nazionale,TRN,ğŸ‡®ğŸ‡¹,Italian Stock Exchange,"Gas, Water & Multiutilities",â‚¬14.6bn
Tesco plc,TSCO,ğŸ‡¬ğŸ‡§,London Stock Exchange,Food and Drug Retailers,Â£19.4bn
TGS ASA,TGS,ğŸ‡³ğŸ‡´,Oslo Stock Exchange,Oil & Gas Producers,kr18.5bn
Thales S.A.,HO,ğŸ‡«ğŸ‡·,Euronext Paris,Aerospace & Defence,â‚¬29.0bn
thyssenkrupp AG,TKA,ğŸ‡©ğŸ‡ª,Frankfurt Stock Exchange,Construction & Materials,â‚¬4.0bn
Tomra Systems ASA,TOM,ğŸ‡³ğŸ‡´,Oslo Stock Exchange,Support Services,kr25.3bn
TotalEnergies SE,TTE,ğŸ‡«ğŸ‡·,Euronext Paris,Oil & Gas Producers,â‚¬150.9bn
Travis Perkins plc,TPK,ğŸ‡¬ğŸ‡§,London Stock Exchange,Support Services,Â£1.5bn
Trelleborg AB - Class B Shares,TREL B,ğŸ‡¸ğŸ‡ª,Stockholm Stock Exchange,General Industrials,kr60.0bn
Tritax Big Box Reit Plc,BBOX,ğŸ‡¬ğŸ‡§,London Stock Exchange,Real Estate Investment Trusts,Â£2.5bn
Tryg AS,TRYG,ğŸ‡©ğŸ‡°,Copenhagen Stock Exchange,Nonlife Insurance,kr.86.4bn
Tui AG,TUI1,ğŸ‡©ğŸ‡ª,Frankfurt Stock Exchange,Travel & Leisure,â‚¬2.4bn
UBISoft Entertainment,UBI,ğŸ‡«ğŸ‡·,Euronext Paris,Personal Goods,â‚¬3.4bn
UBS Group AG,UBSG,ğŸ‡¨ğŸ‡­,SIX Swiss Exchange,Banks,Fr.73.1bn
UCB SA,UCB,ğŸ‡§ğŸ‡ª,Euronext Brussels,Pharmaceuticals & Biotechnology,â‚¬14.0bn
Umicore,UMI,ğŸ‡§ğŸ‡ª,Euronext Brussels,Industrial Metals,â‚¬5.7bn
Unibail-Rodamco-Westfield - Stapled (2 Ordinary Shares),URW,ğŸ‡³ğŸ‡±,Euronext Amsterdam,Real Estate Investment & Services,â‚¬6.0bn
Unicredit Spa,UCG,ğŸ‡®ğŸ‡¹,Italian Stock Exchange,Financial Services,â‚¬39.5bn
Unilever plc,ULVR,ğŸ‡¬ğŸ‡§,London Stock Exchange,Household Goods,Â£99.8bn
Unione Di Banche Italiane,UBI,ğŸ‡®ğŸ‡¹,Italian Stock Exchange,Banks,â‚¬4.1bn
Uniper SE,UN01,ğŸ‡©ğŸ‡ª,Frankfurt Stock Exchange,Energy,â‚¬1.5bn
United Internet AG,UTDI,ğŸ‡©ğŸ‡ª,Frankfurt Stock Exchange,Software & Computer Services,â‚¬3.9bn
United Utilities Group PLC - Class A Shares,UU.,ğŸ‡¬ğŸ‡§,London Stock Exchange,"Gas, Water & Multiutilities",Â£7.0bn
Unite Group plc.,UTG,ğŸ‡¬ğŸ‡§,London Stock Exchange,Real Estate Investment Trusts,Â£3.8bn
UPM-Kymmene Oyj,UPM,ğŸ‡«ğŸ‡®,Helsinki Stock Exchange,General Industrials,â‚¬16.4bn
Valeo S.A.,FR,ğŸ‡«ğŸ‡·,Euronext Paris,Automobiles & Parts,â‚¬3.1bn
Valmet Corporation,VALMT,ğŸ‡«ğŸ‡®,Helsinki Stock Exchange,General Industrials,â‚¬3.8bn
VAT Group AG,VACN,ğŸ‡¨ğŸ‡­,SIX Swiss Exchange,Industrial Engineering,Fr.9.5bn
Veolia Environnement S.A.,VIE,ğŸ‡«ğŸ‡·,Euronext Paris,"Gas, Water & Multiutilities",â‚¬18.1bn
Verbund AG,VER,ğŸ‡¦ğŸ‡¹,Vienna Stock Exchange,Electricity,â‚¬13.8bn
Vestas Wind Systems AS,VWS,ğŸ‡©ğŸ‡°,Copenhagen Stock Exchange,Alternative Energy,kr.146.0bn
Victrex plc,VCT,ğŸ‡¬ğŸ‡§,London Stock Exchange,Chemicals,Â£1.2bn
Vifor Pharma AG,VIFN,ğŸ‡¨ğŸ‡­,SIX Swiss Exchange,Health Care Equipment & Services,Fr.10.8bn
Vinci,DG,ğŸ‡«ğŸ‡·,Euronext Paris,Construction & Materials,â‚¬59.5bn
Virgin Money UK Plc.,VMUK,ğŸ‡¬ğŸ‡§,London Stock Exchange,Banks,Â£1.0bn
Viscofan S.A.,VIS,ğŸ‡ªğŸ‡¸,Madrid Stock Exchange,Food Producers,â‚¬2.5bn
Vivendi SE,VIV,ğŸ‡«ğŸ‡·,Euronext Paris,Mobile Telecommunications,â‚¬8.7bn
Vodafone Group plc,VOD,ğŸ‡¬ğŸ‡§,London Stock Exchange,Mobile Telecommunications,Â£20.5bn
Voestalpine AG,VOE,ğŸ‡¦ğŸ‡¹,Vienna Stock Exchange,Industrial Metals,â‚¬4.1bn
Volkswagen AG - ZC PRF PERPETUAL EUR,VOW3,ğŸ‡©ğŸ‡ª,Frankfurt Stock Exchange,Automobiles & Parts,â‚¬21.2bn
Volvo AB - Class B Shares,VOLV B,ğŸ‡¸ğŸ‡ª,Stockholm Stock Exchange,Automobiles & Parts,kr348.0bn
Vonovia SE,VNA,ğŸ‡©ğŸ‡ª,Frankfurt Stock Exchange,Real Estate Investment & Services,â‚¬16.6bn
Warehousing & Distribution De Pauw,WDP,ğŸ‡§ğŸ‡ª,Euronext Brussels,Support Services,â‚¬4.7bn
Wartsila Oyj Abp,WRT1V,ğŸ‡«ğŸ‡®,Helsinki Stock Exchange,Technology Hardware & Equipment,â‚¬5.7bn
Weir Group plc,WEIR,ğŸ‡¬ğŸ‡§,London Stock Exchange,Industrial Engineering,Â£4.6bn
Wendel,MF,ğŸ‡«ğŸ‡·,Euronext Paris,Financial Services,â‚¬3.2bn
Whitbread plc,WTB,ğŸ‡¬ğŸ‡§,London Stock Exchange,Travel & Leisure,Â£6.7bn
WH Smith Plc,SMWH,ğŸ‡¬ğŸ‡§,London Stock Exchange,Retailers,Â£1.6bn
Wienerberger AG,WIE,ğŸ‡¦ğŸ‡¹,Vienna Stock Exchange,Construction & Materials,â‚¬2.5bn
Wirecard AG,WDI,ğŸ‡©ğŸ‡ª,Frankfurt Stock Exchange,Financial Services,â‚¬6mn
Wolters Kluwers NV,WKL,ğŸ‡³ğŸ‡±,Euronext Amsterdam,Financial Services,â‚¬29.6bn
Worldline,WLN,ğŸ‡«ğŸ‡·,Euronext Paris,Financial Services,â‚¬6.8bn
WPP Plc.,WPP,ğŸ‡¬ğŸ‡§,London Stock Exchange,Media,Â£7.3bn
Yara International ASA.,YAR,ğŸ‡³ğŸ‡´,Oslo Stock Exchange,Chemicals,kr92.1bn
Zalando SE,ZAL,ğŸ‡©ğŸ‡ª,Frankfurt Stock Exchange,Support Services,â‚¬5.8bn
Zurich Insurance Group AG Ltd,ZURN,ğŸ‡¨ğŸ‡­,SIX Swiss Exchange,Life Insurance,Fr.61.1bn
